corpus,best_score,intent_resolution_score,convergence_auc,average_elimination_rate,average_uniqueness_step,reconstruction_confidence,learnability_index
conversational_english,149212480766.91125,147406317162.01733,4.647506025391068,0.16205730881662822,11.208295914683031,0.8942895653470739,0.7023081206104335
business_writing,149003397986.6351,147197233859.60184,4.634370809321323,0.16230403158073767,11.208299798183225,0.8942886392372645,0.7023081206104335
technical_documentation,150888507867.10175,149082338968.36942,4.710839706619546,0.16338473275516469,11.319815254110633,0.8907309055025021,0.7023081206104335
programming,150810551139.6966,149004382203.80206,4.716360994950669,0.16253709555712975,11.295504988055779,0.8942881517893644,0.7023081206104335
medical_language,150466630899.80997,148660474616.08334,4.725726658398471,0.16317969535571766,11.208637664071261,0.8907330828053566,0.7023081206104335
aviation_terminology,151712950648.55093,149906793481.37375,4.756426459742444,0.16244161445825103,11.341290702457135,0.8942900512410028,0.7023081206104335
